<?xml version="1.0" encoding="utf-8"?>
<odoo>
    <data noupdate="1">
        <record id="workflow1" model="fund_management.demand_type">
            <field name="name">Demande de subvention</field>
            <field name="is_subvention">1</field>
        </record>
        <record id="workflow2" model="fund_management.demand_type">
            <field name="name">Demande de crédit</field>
            <field name="is_credit">1</field>
        </record>
        <record id="workflow3" model="fund_management.demand_type">
            <field name="name">Mixte</field>
            <field name="mixte">1</field>
        </record>
    </data>
</odoo>