<odoo>
    <data noupdate="1">
        <!-- Create the cron job -->
        <record id="cron_update_numero_dossier" model="ir.cron">
            <field name="name">Update Numero Dossier</field>
            <field name="model_id" ref="model_fund_management_demand" />
            <field name="state">code</field>
            <field name="code">
                model.update_sequence()
            </field>
            <field name="interval_number">1</field>
            <field name="interval_type">days</field>
            <field name="numbercall">-1</field>
            <field name="active">True</field>
        </record>
    </data>
</odoo>
