<?xml version="1.0" encoding="utf-8"?>
<odoo>
    <data noupdate="1">
        <record id="notification_guarantie_request_mail" model="mail.template">
            <field name="name">Processus : passage à une nouvelle étape</field>
            <field name="model_id" ref="fund_management.model_fund_management_demand"/>
            <field name="subject">Passage à une nouvelle étape: {{object.name}}</field>
            <field name="body_html" type="html">
                <div style="padding:0px;width:600px;margin:auto;background: #FFFFFF repeat top /100%;color:#777777">
                    <table cellspacing="0" cellpadding="0" style="width:600px;border-collapse:collapse;background:inherit;color:inherit">
                        <tbody>
                            <tr>
                                <div summary="o_mail_template" style="padding: 15px; width: 70%; margin: auto;background: #FFFFFF repeat top /100%;color:#777777">
                                    <div style="font-family: 'Karla', sans-serif; font-size: 14px;color: #353535">
                                    <p>Bonjour,</p>
                                    <p>Le dossier <strong><t t-out="object.name"/></strong>
                                        est passé à l'étape <strong> <t t-out="object.current_step_id.name"/>.</strong>
                                    </p>
                                    <div style="text-align: center;margin-top: 25px;margin-bottom: 25px">
                                        <a t-attf-href="{{object.base_url}}"><button style="border-radius: 10em;padding: .84rem 2.14rem;font-size: .81rem;border: 0;
                                        color: #fff;background-color: #875A7B !important;">Voir les détails</button></a>
                                    </div>
                                    <p>Pour des informations complémentaires concernant ce dossier, veuillez vous adresser au gestionnaire.</p>
                                    <br></br>
                                    <p>Cordialement,</p>
                                    </div>
                                </div>
                            </tr>
                        </tbody>
                    </table>
                </div>
            </field>
        </record>
    </data>
</odoo>