<?xml version="1.0" encoding="utf-8"?>
<odoo>

    <record id="fund_euro" model="ir.config_parameter">
        <field name="key">fund.euro</field>
        <field name="value">655.956</field>
    </record>

    <record id="fund_usd" model="ir.config_parameter">
        <field name="key">fund.usd</field>
        <field name="value">500</field>
    </record>

    <record id="funds_sequence" model="ir.sequence">
        <field name="name">Fund sequence</field>
        <field name="code">fund.sequence</field>
        <field name="prefix">F-</field>
        <field name="padding">5</field>
        <field name="number_increment">1</field>
    </record>

    <record id="funds__management_sequence" model="ir.sequence">
        <field name="name">Fund Management sequence</field>
        <field name="code">fund.management.sequence</field>
        <field name="prefix">F-</field>
        <field name="padding">5</field>
        <field name="number_increment">1</field>
    </record>
    
    <record id="funds__management_credit_line_sequence" model="ir.sequence">
        <field name="name">Credit line sequence</field>
        <field name="code">fund.management.credit_line.sequence</field>
        <field name="prefix">C-</field>
        <field name="padding">5</field>
        <field name="number_increment">1</field>
    </record>

    <record id="funds__management_dat_account_sequence" model="ir.sequence">
        <field name="name">DAT account sequence</field>
        <field name="code">fund.management.dat_account.sequence</field>
        <field name="prefix">D-</field>
        <field name="padding">5</field>
        <field name="number_increment">1</field>
    </record>

    <record id="funds__management_dat_incident_sequence" model="ir.sequence">
        <field name="name">DAT account sequence</field>
        <field name="code">fund.management.dat_incident.sequence</field>
        <field name="prefix">I-</field>
        <field name="padding">5</field>
        <field name="number_increment">1</field>
    </record>

    <record id="funds__management_dat_transaction_sequence" model="ir.sequence">
        <field name="name">DAT account sequence</field>
        <field name="code">fund.management.dat_transaction.sequence</field>
        <field name="prefix">I-</field>
        <field name="padding">5</field>
        <field name="number_increment">1</field>
    </record>

</odoo>