id,name,model_id:id,group_id:id,perm_read,perm_write,perm_create,perm_unlink
access_funds_manager,access_funds_manager,model_fund_management_funds,base.group_user,1,1,1,1
access_transaction_manager,access_transaction_manager,model_fund_management_transaction,base.group_user,1,1,1,1
access_file_manager,access_file_manager,model_fund_management_file,base.group_user,1,1,1,1
access_payment_manager,access_payment_manager,model_fund_management_payment,base.group_user,1,1,1,1
access_status_manager,access_status_manager,model_fund_management_status,base.group_user,1,1,1,1
access_etiquette_manager,access_etiquette_manager,model_fund_management_etiquette,base.group_user,1,1,1,1
access_object_manager,access_object_manager,model_fund_management_object,base.group_user,1,1,1,1
access_funds_readonly,access_funds_readonly,model_fund_management_funds,base.group_portal,1,0,0,0
access_transaction_readonly,access_transaction_readonly,model_fund_management_transaction,base.group_portal,1,0,0,0
access_file_readonly,access_file_readonly,model_fund_management_file,base.group_portal,1,0,0,0
access_beneficiary_manager,access_beneficiary_manager,model_fund_management_beneficiary,base.group_user,1,1,1,1
access_faculty_manager,access_faculty_manager,model_fund_management_faculty,base.group_user,1,1,1,1
access_legal_status_manager,access_legal_status_manager,model_fund_management_legal_status,base.group_user,1,1,1,1
access_manager_manager,access_manager_manager,model_fund_management_manager,base.group_user,1,1,1,1
access_manager_partner_manager,access_manager_partner_manager,model_fund_management_partner_manager,base.group_user,1,1,1,1
access_manager_business_sector,access_manager_business_sector,model_fund_management_business_sector,base.group_user,1,1,1,1
access_manager_work_owner,access_manager_work_owner,model_fund_management_work_owner,base.group_user,1,1,1,1
access_manager_person,access_manager_person,model_fund_management_person,base.group_user,1,1,1,1
access_manager_cash_flow_line,access_manager_cash_flow_line,model_fund_management_cash_flow_line,base.group_user,1,1,1,1
access_manager_amortization_line,access_manager_amortization_line,model_fund_management_amortization_line,base.group_user,1,1,1,1
access_manager_payment_schedule,access_manager_payment_schedule,model_fund_management_payment_schedule,base.group_user,1,1,1,1
access_manager_bank,access_manager_bank,model_fund_management_bank,base.group_user,1,1,1,1
access_manager_demand,access_manager_demand,model_fund_management_demand,base.group_user,1,1,1,1
access_manager_installment,access_manager_installment,model_fund_management_installment,base.group_user,1,1,1,1
access_manager_credit_type,access_manager_credit_type,model_fund_management_credit_type,base.group_user,1,1,1,1
access_manager_credit_line,access_manager_credit_line,model_fund_management_credit_line,base.group_user,1,1,1,1
access_manager_demand_type,access_manager_demand_type,model_fund_management_demand_type,fund_management.fund_admin,1,1,1,1
access_manager_demand_type_user,access_manager_demand_type user,model_fund_management_demand_type,fund_management.fund_requester_group,1,0,0,0
access_manager_dat_account,access_manager_dat_account,model_fund_management_dat_account,fund_management.fund_admin,1,1,1,1
access_manager_dat_account_user,access_manager_dat_account user,model_fund_management_dat_account,fund_management.fund_requester_group,1,0,0,0
access_manager_dat_transaction,access_manager_dat_transaction,model_fund_management_dat_transaction,fund_management.fund_admin,1,1,1,1
access_manager_dat_transaction_user,access_manager_dat_transaction user,model_fund_management_dat_transaction,fund_management.fund_requester_group,1,0,0,0
access_manager_dat_incident,access_manager_dat_incident,model_fund_management_dat_incident,fund_management.fund_admin,1,1,1,1
access_manager_dat_inciden_user,access_manager_dat_inciden user,model_fund_management_dat_incident,fund_management.fund_requester_group,1,0,0,0