<?xml version="1.0" encoding="utf-8"?>
<odoo>
    <record id="fund_requester_group" model="res.groups">
        <field name="name">Demandeur</field>
    </record>
    <record id="fund_admin" model="res.groups">
        <field name="name">Administrateur Général</field>
    </record>

       <!-- Rule for Demandeur group -->
    <record id="fund_requester_rule" model="ir.rule">
        <field name="name">Requesters See Their Own Requests</field>
        <field name="model_id" ref="fund_management.model_fund_management_demand"/>
        <field name="groups" eval="[(4, ref('fund_management.fund_requester_group'))]"/>
        <field name="domain_force">[('beneficiary_id', '=', user.id)]</field>
    </record>

    <record id="fund_requester_transaction_rule" model="ir.rule">
        <field name="name">Requesters See Their Own Requests</field>
        <field name="model_id" ref="fund_management.model_fund_management_transaction"/>
        <field name="groups" eval="[(4, ref('fund_management.fund_requester_group'))]"/>
        <field name="domain_force">[('beneficiaire_id', '=', user.id)]</field>
    </record>

    <!-- Rule for Administrateurs to see all records -->
    <record id="fund_admin_rule" model="ir.rule">
        <field name="name">Admins See All Requests</field>
        <field name="model_id" ref="fund_management.model_fund_management_demand"/>
        <field name="groups" eval="[(4, ref('fund_management.fund_admin'))]"/>
        <field name="domain_force">[(1, '=', 1)]</field>
    </record>

    <record id="access_funds_rule" model="ir.rule">
        <field name="name">Access funds rule Multi-Company Rule</field>
        <field name="model_id" ref="model_fund_management_funds"/>
        <field name="domain_force">[('company_id', 'in', company_ids)]</field>
        <field name="groups" eval="[(4, ref('base.group_user'))]"/>
    </record>
    
    <record id="access_transaction_rule" model="ir.rule">
        <field name="name">Access transaction rule Multi-Company Rule</field>
        <field name="model_id" ref="model_fund_management_transaction"/>
        <field name="domain_force">[('company_id', 'in', company_ids)]</field>
        <field name="groups" eval="[(4, ref('base.group_user'))]"/>
    </record>
    
    <record id="access_file_rule" model="ir.rule">
        <field name="name">Access file rule Multi-Company Rule</field>
        <field name="model_id" ref="model_fund_management_file"/>
        <field name="domain_force">[('company_id', 'in', company_ids)]</field>
        <field name="groups" eval="[(4, ref('base.group_user'))]"/>
    </record>
    
    <record id="access_etiquette_rule" model="ir.rule">
        <field name="name">Access etiquette rule Multi-Company Rule</field>
        <field name="model_id" ref="model_fund_management_etiquette"/>
        <field name="domain_force">[('company_id', 'in', company_ids)]</field>
        <field name="groups" eval="[(4, ref('base.group_user'))]"/>
    </record>
    
    <record id="access_beneficiary_rule" model="ir.rule">
        <field name="name">Access beneficiary rule Multi-Company Rule</field>
        <field name="model_id" ref="model_fund_management_beneficiary"/>
        <field name="domain_force">[('company_id', 'in', company_ids)]</field>
        <field name="groups" eval="[(4, ref('base.group_user'))]"/>
    </record>
    
    <record id="access_faculty_rule" model="ir.rule">
        <field name="name">Access faculty rule Multi-Company Rule</field>
        <field name="model_id" ref="model_fund_management_faculty"/>
        <field name="domain_force">[('company_id', 'in', company_ids)]</field>
        <field name="groups" eval="[(4, ref('base.group_user'))]"/>
    </record>
    
    <record id="access_legal_status_rule" model="ir.rule">
        <field name="name">Access legal status rule Multi-Company Rule</field>
        <field name="model_id" ref="model_fund_management_legal_status"/>
        <field name="domain_force">[('company_id', 'in', company_ids)]</field>
        <field name="groups" eval="[(4, ref('base.group_user'))]"/>
    </record>
    

</odoo>