id,name,model_id:id,group_id:id,perm_read,perm_write,perm_create,perm_unlink
access_customisable_workflow_signature_work_signed_document,access_customisable_workflow_signature_work_signed_document,customisable_workflow_signature.model_customisable_workflow_signature_work_signed_document,base.group_user,1,1,1,0
access_customisable_workflow_signature_work_signed_document_portal,access_customisable_workflow_signature_work_signed_document_portal,customisable_workflow_signature.model_customisable_workflow_signature_work_signed_document,base.group_portal,1,1,0,0
access_customisable_workflow_signature_step_signature,access_customisable_workflow_signature_step_signature,customisable_workflow_signature.model_customisable_workflow_signature_step_signature,base.group_user,1,0,0,0
access_customisable_workflow_signature_step_signature_admin,access_customisable_workflow_signature_step_signature admin,customisable_workflow_signature.model_customisable_workflow_signature_step_signature,base.group_system,1,1,1,1
access_customisable_workflow_signature_step_signature_portal,access_customisable_workflow_signature_step_signature portal,customisable_workflow_signature.model_customisable_workflow_signature_step_signature,base.group_portal,1,1,0,0
access_customisable_workflow_signature_upload_signed_doc_wizard_admin,access_customisable_workflow_signature_upload_signed_doc_wizard admin,customisable_workflow_signature.model_customisable_workflow_signature_upload_signed_doc_wizard,base.group_system,1,1,1,1
access_customisable_workflow_signature_upload_signed_doc_wizard_user,access_customisable_workflow_signature_upload_signed_doc_wizard user,customisable_workflow_signature.model_customisable_workflow_signature_upload_signed_doc_wizard,base.group_user,1,1,1,0
access_customisable_workflow_signature_upload_signed_doc_wizard_portal,access_customisable_workflow_signature_upload_signed_doc_wizard_portal,customisable_workflow_signature.model_customisable_workflow_signature_upload_signed_doc_wizard,base.group_portal,1,1,0,0
